<application>
  <component name="ProjectManager">
    <defaultProject>
      <component name="PropertiesComponent">
        <property name="configurable.GoLibrariesConfigurable.is.expanded" value="true" />
        <property name="go.import.settings.migrated" value="true" />
        <property name="settings.editor.selected.configurable" value="go.autoimport" />
      </component>
      <component name="VgoProject">
        <integration-enabled>true</integration-enabled>
        <environment>
          <map>
            <entry key="GOPROXY" value="https://goproxy.io,direct" />
          </map>
        </environment>
      </component>
    </defaultProject>
  </component>
</application>