<code_scheme name="Default (1)" version="173">
  <option name="INSERT_INNER_CLASS_IMPORTS" value="true" />
  <option name="CLASS_COUNT_TO_USE_IMPORT_ON_DEMAND" value="999" />
  <option name="NAMES_COUNT_TO_USE_IMPORT_ON_DEMAND" value="999" />
  <option name="RIGHT_MARGIN" value="100" />
  <JavaCodeStyleSettings>
    <option name="INSERT_INNER_CLASS_IMPORTS" value="true" />
    <option name="CLASS_COUNT_TO_USE_IMPORT_ON_DEMAND" value="999" />
    <option name="NAMES_COUNT_TO_USE_IMPORT_ON_DEMAND" value="999" />
  </JavaCodeStyleSettings>
  <MarkdownNavigatorCodeStyleSettings>
    <option name="WRAP_ON_TYPING" value="0" />
    <option name="RIGHT_MARGIN" value="72" />
  </MarkdownNavigatorCodeStyleSettings>
</code_scheme>