<keymap version="1" name="macOS copy" parent="Mac OS X 10.5+">
  <action id="$LRU">
    <keyboard-shortcut first-keystroke="shift meta o" />
  </action>
  <action id="CloseProject">
    <keyboard-shortcut first-keystroke="shift meta c" />
  </action>
  <action id="CopyAbsolutePath" />
  <action id="CopyPaths" />
  <action id="DatabaseView.CopyDdlAction">
    <keyboard-shortcut first-keystroke="shift meta alt g" />
  </action>
  <action id="Editor LRU">
    <keyboard-shortcut first-keystroke="shift meta o" />
  </action>
  <action id="GotoFile" />
  <action id="RemoteHostView.CopyPaths" />
  <action id="WelcomeScreen.CopyProjectPath" />
  <action id="org.intellij.plugins.markdown.ui.actions.styling.ToggleCodeSpanAction" />
</keymap>