<profile version="1.0">
  <option name="myName" value="fenbi-inspect" />
  <inspection_tool class="AlibabaAbstractClassShouldStartWithAbstractNaming" enabled="true" level="WARNING" enabled_by_default="true" />
  <inspection_tool class="AlibabaAbstractMethodOrInterfaceMethodMustUseJavadoc" enabled="false" level="MAJOR" enabled_by_default="false" />
  <inspection_tool class="AlibabaAvoidCommentBehindStatement" enabled="false" level="MAJOR" enabled_by_default="false" />
  <inspection_tool class="AlibabaClassMustHaveAuthor" enabled="false" level="MAJOR" enabled_by_default="false" />
  <inspection_tool class="AlibabaClassNamingShouldBeCamel" enabled="false" level="MAJOR" enabled_by_default="false" />
  <inspection_tool class="AlibabaCollectionInitShouldAssignCapacity" enabled="false" level="MAJOR" enabled_by_default="false" />
  <inspection_tool class="AlibabaCommentsMustBeJavadocFormat" enabled="false" level="MAJOR" enabled_by_default="false" />
  <inspection_tool class="AlibabaEnumConstantsMustHaveComment" enabled="false" level="CRITICAL" enabled_by_default="false" />
  <inspection_tool class="AlibabaMethodReturnWrapperType" enabled="false" level="MAJOR" enabled_by_default="false" />
  <inspection_tool class="AlibabaPojoMustUsePrimitiveField" enabled="false" level="MAJOR" enabled_by_default="false" />
  <inspection_tool class="AlibabaRemoveCommentedCode" enabled="false" level="MAJOR" enabled_by_default="false" />
  <inspection_tool class="AlibabaServiceOrDaoClassShouldEndWithImpl" enabled="true" level="INFORMATION" enabled_by_default="true" />
  <inspection_tool class="DanglingJavadoc" enabled="false" level="WARNING" enabled_by_default="false" />
  <inspection_tool class="FieldCanBeLocal" enabled="true" level="INFORMATION" enabled_by_default="true" />
  <inspection_tool class="JavaDoc" enabled="true" level="WARNING" enabled_by_default="true">
    <option name="TOP_LEVEL_CLASS_OPTIONS">
      <value>
        <option name="ACCESS_JAVADOC_REQUIRED_FOR" value="none" />
        <option name="REQUIRED_TAGS" value="" />
      </value>
    </option>
    <option name="INNER_CLASS_OPTIONS">
      <value>
        <option name="ACCESS_JAVADOC_REQUIRED_FOR" value="none" />
        <option name="REQUIRED_TAGS" value="" />
      </value>
    </option>
    <option name="METHOD_OPTIONS">
      <value>
        <option name="ACCESS_JAVADOC_REQUIRED_FOR" value="none" />
        <option name="REQUIRED_TAGS" value="@return@param@throws or @exception" />
      </value>
    </option>
    <option name="FIELD_OPTIONS">
      <value>
        <option name="ACCESS_JAVADOC_REQUIRED_FOR" value="none" />
        <option name="REQUIRED_TAGS" value="" />
      </value>
    </option>
    <option name="IGNORE_DEPRECATED" value="false" />
    <option name="IGNORE_JAVADOC_PERIOD" value="true" />
    <option name="IGNORE_DUPLICATED_THROWS" value="false" />
    <option name="IGNORE_POINT_TO_ITSELF" value="false" />
    <option name="myAdditionalJavadocTags" value="date" />
  </inspection_tool>
  <inspection_tool class="OptionalIsPresent" enabled="true" level="INFORMATION" enabled_by_default="true" />
  <inspection_tool class="OptionalUsedAsFieldOrParameterType" enabled="false" level="WARNING" enabled_by_default="false" />
  <inspection_tool class="SameParameterValue" enabled="false" level="WARNING" enabled_by_default="false" />
  <inspection_tool class="SameReturnValue" enabled="false" level="WARNING" enabled_by_default="false" />
  <inspection_tool class="SpringAutowiredFieldsWarningInspection" enabled="false" level="WARNING" enabled_by_default="false" />
  <inspection_tool class="SpringJavaAutowiringInspection" enabled="false" level="ERROR" enabled_by_default="false" />
  <inspection_tool class="UNUSED_IMPORT" enabled="true" level="BLOCKER" enabled_by_default="true" />
  <inspection_tool class="UnnecessaryLocalVariable" enabled="false" level="INFORMATION" enabled_by_default="false">
    <option name="m_ignoreImmediatelyReturnedVariables" value="false" />
    <option name="m_ignoreAnnotatedVariables" value="false" />
  </inspection_tool>
  <inspection_tool class="UnusedImport" enabled="true" level="WARNING" enabled_by_default="true" />
</profile>