<application>
  <component name="FileTypeManager" version="18">
    <extensionMap>
      <mapping ext="space.kts" type="Kotlin" />
      <mapping ext="gradle.kts" type="Kotlin" />
      <mapping ext="main.kts" type="Kotlin" />
      <mapping pattern="CHANGELOG" type="Markdown" />
      <mapping pattern="xx" type="PLAIN_TEXT" />
      <mapping pattern="test-machines" type="PLAIN_TEXT" />
      <mapping pattern="agent-machines" type="PLAIN_TEXT" />
      <mapping pattern="JamDetailSim" type="PLAIN_TEXT" />
      <mapping ext="pkcs8" type="PLAIN_TEXT" />
      <mapping ext="tmp" type="PLAIN_TEXT" />
      <mapping ext="test" type="PLAIN_TEXT" />
      <mapping ext="production" type="PLAIN_TEXT" />
      <mapping ext="rc" type="PLAIN_TEXT" />
      <mapping ext="dat" type="PLAIN_TEXT" />
      <mapping ext="development" type="PLAIN_TEXT" />
      <removed_mapping ext="apk" approved="true" type="ARCHIVE" />
      <removed_mapping ext="config" approved="true" type="XML" />
      <removed_mapping ext="md" approved="true" type="Markdown" />
      <removed_mapping ext="permissionset" approved="true" type="XML" />
      <removed_mapping ext="profile" approved="true" type="XML" />
      <removed_mapping ext="psd" approved="true" type="Image" />
    </extensionMap>
  </component>
</application>