<application>
  <component name="GeneralSettings">
    <option name="confirmExit" value="false" />
    <option name="confirmOpenNewProject2" value="0" />
    <option name="searchInBackground" value="true" />
  </component>
  <component name="Registry">
    <entry key="search.everywhere.settings" value="true" />
    <entry key="BSP.experimental.feature.enabled" value="false" />
    <entry key="ide.balloon.shadow.size" value="0" />
    <entry key="ide.mac.allowDarkWindowDecorations" value="true" />
    <entry key="scala.erase.compiler.process.jdk.once" value="false" />
    <entry key="ide.intellij.laf.enable.animation" value="true" />
  </component>
  <component name="StatusBar">
    <option name="widgets">
      <map>
        <entry key="CwmWireStatsWidgetFactory" value="false" />
      </map>
    </option>
  </component>
</application>