<application>
  <component name="AppStorage">
    <histories>
      <item value="manipulator" />
      <item value="Stomp" />
      <item value="extract" />
      <item value="invalid" />
      <item value="radix" />
      <item value="try Parse" />
      <item value="Correlation context, use to propagation user custom data." />
      <item value="Increase the sampling factor by force, to avoid sampling too many traces. If many distributed traces require sampled, the trace beginning at local, has less chance to be sampled." />
      <item value="If apparently containing node of complementary mode, try to push a fulfilling node on to stack, match with corresponding waiting node, pop both from stack, and return matched item. The matching or unlinking might not actually be necessary because of other threads performing action 3:" />
      <item value="If apparently empty or already containing nodes of same mode, try to push node on stack and wait for a match, returning it, or null if cancelled." />
      <item value="k and wait for a match, returning it, or null if cancelled. 2. If apparently containing node of complementary mode, try to push a fulfilling node on to stack, match" />
      <item value="3. If top of stack already holds another fulfilling node, help it out by doing its match andor pop" />
      <item value="ontaining node of complementary mode, try to push a fulfilling node on to stack, match with corresponding waiting node, pop both from stack, and return matched item. The matching or unlinking might not actually be necessary" />
      <item value="A {@linkplain BlockingQueue blocking queue} in which each insert operation must wait for a corresponding remove operation by another thread, and vice versa. A synchronous queue does not have any internal capacity, not even a capacity of one. You cannot {@code peek} at a synchronous queue because an element is only present when you try to remove it; you cannot insert an element (using any method) unless another thread is trying to remove it; you cannot iterate as there is nothing to iterate. The &lt;em&gt;head&lt;em&gt; of the queue is the element that the first queued inserting thread is trying to add to the queue; if there is no such queued thread then no element is available for removal and {@code poll()} will return {@code null}. For purposes of other {@code Collection} methods (for example {@code contains}), a {@code SynchronousQueue} acts as an empty collection. This queue does not permit {@code null} elements." />
      <item value="A synchronous queue does not have any internal capacity, not even a capacity of one. You cannot {@code peek} at a synchronous queue because an element is only present when you try to remove it; you cannot insert an element (using any method) unless another thread is trying to remove it; you cannot iterate as there is nothing to iterate. The &lt;em&gt;head&lt;em&gt; of the queue is the element that the first queued inserting thread is trying to add to the queue; if there is no such queued thread then no element is available for removal and {@code poll()} will return {@code null}. For purposes of other {@code Collection} methods (for example {@code contains}), a {@code SynchronousQueue} acts as an empty collection. This queue does not permit {@code null} elements." />
      <item value="A {@linkplain BlockingQueue blocking queue} in which each insert operation must wait for a corresponding remove operation by another thread, and vice versa." />
      <item value="Indicates that the named compiler warnings should be suppressed in the annotated element (and in all program elements contained in the annotated element). Note that the set of warnings suppressed in a given element is a superset of the warnings suppressed in all containing elements. For example, if you annotate a class to suppress one warning and annotate a method to suppress another, both warnings will be suppressed in the method. &lt;p&gt;As a matter of style, programmers should always use this annotation on the most deeply nested element where it is effective. If you want to suppress a warning in a particular method, you should annotate that method rather than its class." />
      <item value="This class is where all graphql-java query execution begins. It combines the objects that are needed to make a successful graphql query, with the most important being the {@link graphql.schema.GraphQLSchema schema} and the {@link graphql.execution.ExecutionStrategy execution strategy}" />
      <item value="String" />
      <item value="Graph QL" />
      <item value="middleware" />
      <item value="which is a message in the Disruptor Array of the AsyncLoggerConfigDisruptor.class" />
      <item value="Log4jLogEvent implements LogEvent, which is a message in the Disruptor Array of the AsyncLoggerConfigDisruptor.class, appended by AsyncLoggerConfig.class. The Log4jLogEvent is enhanced to carry the tid in the synchronization thread using `dynamicField`." />
      <item value="Intersectional" />
      <item value="NetworkAddressAliasMappingListener use the propagated data in the segment reference, set up the alias relationship" />
      <item value="Endpoint depedency meta and metrics related sourc" />
      <item value="Endpoint meta and metrics" />
      <item value="All entry spans are transferred as the Service, Instance and Endpoint related sources. Entry spans are treated on" />
      <item value="All entry spans are transferred as the Service, Instance and Endpoint related sources. Entry spans are treated on the behalf of the observability status of the service reported these spans." />
      <item value="Also, when face the MQ and uninstrumented Gateways, there is different logic to generate the relationship between servicesinstances rather than the normal RPC direct call. The reason is the same, we aren't expecting the agent installed in the MQ server, and Gateway may not have suitable agent. Any uninstrumented service if they have the capability to forward SkyWalking header through themselves, you could consider the uninstrumented configurations to make the topology works to be a whole." />
      <item value="the whole segment" />
      <item value="This listener traverses the whole segment." />
      <item value="InsertRequest should follow the database client driver datatype, in order to make sure it could be executed ASAP." />
      <item value="The source receiver implementation delegates to {@link org.apache.skywalking.oap.server.core.analysis.DispatcherManager}" />
      <item value="The source receiver implementation delegates to {@link org.apache.skywalking.oap.server.core.analysis.DispatcherManager} in order to forward source to the suitable real {@link org.apache.skywalking.oap.server.core.analysis.SourceDispatcher}." />
      <item value="This annotation applies to the supersize dataset entity.Storage implementation could provide different and specific optimization as this entity has much larger dataset." />
      <item value="OAL Runtime is the class generation engine, which load the generated classes from OAL scrip definitions. This runtime is loaded dynamically." />
      <item value="Dispatcher is only generated by oal script analysis result. So these willcould be possible, the given source doesn't have the dispatcher, when the receiver is open, and oal script doesn't ask for analysis." />
      <item value="inclusive" />
      <item value="exclusive" />
      <item value="Static factory to retrieve a type 4 (pseudo randomly generated) UUID." />
      <item value="random UUID" />
      <item value="sniffer" />
      <item value="tenant" />
      <item value="intercept" />
      <item value="In-memory collection that will hold the associations between a host name * and an array of InetAddress instances" />
      <item value="Properties are processed in terms of lines. There are two * kinds of line, &lt;i&gt;natural lines&lt;/i&gt; and &lt;i&gt;logical lines&lt;/i&gt;. * A natural line is defined as a line of * characters that is terminated either by a set of line terminator * characters ({@code \n} or {@code \r} or {@code \r\n}) * or by the end of the stream. A natural line may be either a blank line, * a comment line, or hold all or some of a key-element pair. A logical * line holds all the data of a key-element pair, which may be spread * out across several adjacent natural lines by escaping * the line terminator sequence with a backslash character * {@code \}. Note that a comment line cannot be extended * in this manner; every natural line that is a comment must have * its own comment indicator, as described below. Lines are read from * input until the end of the stream is reached." />
      <item value="Reads a property list (key and element pairs) from the input * character stream in a simple line-oriented format." />
      <item value="The default buckets are intended to cover a typical web/rpc request from milliseconds to seconds." />
      <item value="Read all configuration templates for dashboard and topology pages. # Dashboard could have multiple options and partial actived. # Topology templates should be unique for every typs, if more than one exists, UI should choose one only. # # includingDisabled represents whether includes the disabled templates in the query result. Default value is false. # Mostly, should not include, but in the management page, should consider support this." />
    </histories>
    <option name="languageScores">
      <map>
        <entry key="CHINESE" value="89" />
        <entry key="ENGLISH" value="91" />
        <entry key="CHINESE_TRADITIONAL" value="2" />
        <entry key="ESPERANTO" value="3" />
        <entry key="SLOVAK" value="1" />
      </map>
    </option>
  </component>
  <component name="Cache">
    <option name="lastTrimTime" value="1627626688988" />
  </component>
  <component name="Settings">
    <option name="translator" value="YOUDAO" />
    <option name="youdaoTranslateSettings">
      <youdao-translate>
        <option name="appId" value="3cf1f70621ae8c69" />
      </youdao-translate>
    </option>
  </component>
</application>