<keymap version="1" name="Mac OS X copy" parent="Mac OS X">
  <action id="$LRU">
    <keyboard-shortcut first-keystroke="shift meta o" />
  </action>
  <action id="CloseProject">
    <keyboard-shortcut first-keystroke="shift meta c" />
  </action>
  <action id="CopyPaths" />
  <action id="DatabaseView.CopyDdlAction">
    <keyboard-shortcut first-keystroke="shift meta alt g" />
  </action>
  <action id="Editor LRU">
    <keyboard-shortcut first-keystroke="shift meta o" />
  </action>
  <action id="RecentProjectListGroup">
    <keyboard-shortcut first-keystroke="ctrl r" />
  </action>
  <action id="Scala.ShowImplicits">
    <keyboard-shortcut first-keystroke="shift ctrl alt equals" />
    <keyboard-shortcut first-keystroke="shift ctrl alt add" />
  </action>
</keymap>